,rolling_volatility
2020-01-03,
2020-01-06,
2020-01-07,
2020-01-08,
2020-01-09,
2020-01-10,
2020-01-13,
2020-01-14,
2020-01-15,
2020-01-16,
2020-01-17,
2020-01-20,
2020-01-21,
2020-01-22,
2020-01-23,
2020-01-24,
2020-01-27,
2020-01-28,
2020-01-29,
2020-01-30,
2020-01-31,0.15725284174038473
2020-02-03,0.16591490909410492
2020-02-04,0.18323582517591747
2020-02-05,0.18317476729818663
2020-02-06,0.18185544661452144
2020-02-07,0.18249582873493173
2020-02-10,0.18552123638743598
2020-02-11,0.17898128442653136
2020-02-12,0.17996586169479953
2020-02-13,0.1790252291339701
2020-02-14,0.1787847906520238
2020-02-17,0.17915792520396376
2020-02-18,0.17996945286723742
2020-02-19,0.18683163398301725
2020-02-20,0.19442900881895242
2020-02-21,0.2109550742060533
2020-02-24,0.2787023353163034
2020-02-25,0.2931249797095242
2020-02-26,0.28780307611843087
2020-02-27,0.342907243235285
2020-02-28,0.34356137612416915
2020-03-02,0.3813736643094722
2020-03-03,0.3942618690399869
2020-03-04,0.4046664609848688
2020-03-05,0.42114724935227926
2020-03-06,0.42508007318174607
2020-03-09,0.4672679488470148
2020-03-10,0.5017761961244983
2020-03-11,0.5127646706780763
2020-03-12,0.5424135887731584
2020-03-13,0.5808989118906691
2020-03-16,0.6075192152248358
2020-03-17,0.6376088235418991
2020-03-18,0.6436517446276996
2020-03-19,0.654826159166288
2020-03-20,0.6587310864284396
2020-03-23,0.6584042640707165
2020-03-24,0.69286366677785
2020-03-25,0.6894250659657624
2020-03-26,0.709056305148883
2020-03-27,0.6974444436594729
2020-03-30,0.7058989099048528
2020-03-31,0.6819025202353086
2020-04-01,0.690448785654774
2020-04-02,0.6778559277264843
2020-04-03,0.6706700437121469
2020-04-06,0.7017006131629249
2020-04-07,0.6671447745338647
2020-04-08,0.6533229105671174
2020-04-09,0.6381261714794659
2020-04-10,0.5897612921273467
2020-04-13,0.570218901648763
2020-04-14,0.5209394498262141
2020-04-15,0.5073725511551009
2020-04-16,0.47089257742615054
2020-04-17,0.4628858301248544
2020-04-20,0.44897365560893976
2020-04-21,0.4737981939253155
2020-04-22,0.44276848832324334
2020-04-23,0.44259388050161125
2020-04-24,0.4253222962668296
2020-04-27,0.39384900000848205
2020-04-28,0.3933272940998156
2020-04-29,0.40654442127850804
2020-04-30,0.3532072443340087
2020-05-01,0.3895072243986064
2020-05-04,0.38211686951611973
2020-05-05,0.3377613388221047
2020-05-06,0.3381381297748944
2020-05-07,0.3278383810956158
2020-05-08,0.33128224753704205
2020-05-11,0.3306349657579942
2020-05-12,0.33829057067944035
2020-05-13,0.3315277083492861
2020-05-14,0.3344223575881627
2020-05-15,0.3328466239822177
2020-05-18,0.3386780131298802
2020-05-19,0.33030442253128844
2020-05-20,0.2957564858698828
2020-05-21,0.28188237139950645
2020-05-22,0.28188229636175177
2020-05-25,0.2787640123965953
2020-05-26,0.27620882769679295
2020-05-27,0.26605651408755493
2020-05-28,0.24418562062424226
2020-05-29,0.24541379446959913
2020-06-01,0.1979419531011353
2020-06-02,0.18837230919886516
2020-06-03,0.18818458248146872
2020-06-04,0.19374877456900677
2020-06-05,0.21090725611139846
2020-06-08,0.2071045863943809
2020-06-09,0.2072842836271537
2020-06-10,0.19058904565319457
2020-06-11,0.2599091193566716
2020-06-12,0.2557820739813483
2020-06-15,0.258563380767253
2020-06-16,0.2528306758375996
2020-06-17,0.25107897068512586
2020-06-18,0.24248780193769534
2020-06-19,0.24016622741135155
2020-06-22,0.24169485537071075
2020-06-23,0.24227265227412698
2020-06-24,0.2669556568648527
2020-06-25,0.27150918750866626
2020-06-26,0.30421237291978637
2020-06-29,0.3068751646699234
2020-06-30,0.31333036767029065
2020-07-01,0.31522743108634466
2020-07-02,0.3160121851266025
2020-07-03,0.31310557044522563
2020-07-06,0.3197800125452889
2020-07-07,0.3210294541167015
2020-07-08,0.3224060347706961
2020-07-09,0.32159420326577565
2020-07-10,0.260236914681955
2020-07-13,0.26925805506942607
2020-07-14,0.26852869487072123
2020-07-15,0.2674397888471494
2020-07-16,0.26949061566199767
2020-07-17,0.2710164052065625
2020-07-20,0.2791302152012274
2020-07-21,0.2805187168967183
2020-07-22,0.2800325396205867
2020-07-23,0.2797283983555586
2020-07-24,0.2790319775072183
2020-07-27,0.24154650676694034
2020-07-28,0.2470746983241627
2020-07-29,0.2401836526158746
2020-07-30,0.23925762304281656
2020-07-31,0.2382128984174767
2020-08-03,0.24034063014532348
2020-08-04,0.2122575663141271
2020-08-05,0.2091825331453259
2020-08-06,0.21060375341509197
2020-08-07,0.21280193104399608
2020-08-10,0.2025744124698808
2020-08-11,0.20296902833889366
2020-08-12,0.22308523749884054
2020-08-13,0.22301774298271757
2020-08-14,0.22065957498951935
2020-08-17,0.22268312683864283
2020-08-18,0.20968670001558185
2020-08-19,0.20973020047493132
2020-08-20,0.21255489808084532
2020-08-21,0.18057458179218427
2020-08-24,0.17275120546362463
2020-08-25,0.16739355046303636
2020-08-26,0.1569624407549032
2020-08-27,0.15382468090362042
2020-08-28,0.14922649727208862
2020-08-31,0.14991184181359232
2020-09-01,0.14859635322647013
2020-09-02,0.14817551289473982
2020-09-03,0.22660731171286852
2020-09-04,0.22790603055387665
2020-09-07,0.22570711983452083
2020-09-08,0.28624051924485205
2020-09-09,0.30047843045875283
2020-09-10,0.2946798523149904
2020-09-11,0.2954026282547917
2020-09-14,0.30548657238161403
2020-09-15,0.3038380290610251
2020-09-16,0.30713473664868535
2020-09-17,0.3120072746649323
2020-09-18,0.30947414124641387
2020-09-21,0.307172907907636
2020-09-22,0.30632503204809025
2020-09-23,0.32992674090370355
2020-09-24,0.3236995630041673
2020-09-25,0.339764756575377
2020-09-28,0.3450622202814694
2020-09-29,0.3413717617811489
2020-09-30,0.34381555758087423
2020-10-01,0.34480111863278395
2020-10-02,0.32427555160145255
2020-10-05,0.33574040210309364
2020-10-06,0.3410607828008072
2020-10-07,0.30203195074116246
2020-10-08,0.281644616365278
2020-10-09,0.27297886355745016
2020-10-12,0.28461988846030134
2020-10-13,0.2760930851471972
2020-10-14,0.2758338716396095
2020-10-15,0.27158522357199666
2020-10-16,0.2651189160299379
2020-10-19,0.2749910057635719
2020-10-20,0.27482063862135886
2020-10-21,0.2747331585903223
2020-10-22,0.23301998792360543
2020-10-23,0.23272848509165353
2020-10-26,0.23203167488106113
2020-10-27,0.22607010085375787
2020-10-28,0.2780865163396403
2020-10-29,0.2860008929659462
2020-10-30,0.29488422789290475
2020-11-02,0.28430567104238913
2020-11-03,0.2812236256554511
2020-11-04,0.2982998251027739
2020-11-05,0.303141746906437
2020-11-06,0.30289901001922004
2020-11-09,0.30518443631590714
2020-11-10,0.2962759516623668
2020-11-11,0.3009411224916056
2020-11-12,0.30116781751818494
2020-11-13,0.3012546266353556
2020-11-16,0.30307449107354667
2020-11-17,0.29225684321176437
2020-11-18,0.2924240640393963
2020-11-19,0.29253714746467174
2020-11-20,0.2954479531596176
2020-11-23,0.29698624052208705
2020-11-24,0.2971087696582094
2020-11-25,0.2967601770484158
2020-11-26,0.24011129692323754
2020-11-27,0.2322857263745186
2020-11-30,0.21745718729257527
2020-12-01,0.22151486182782865
2020-12-02,0.2139500969953918
2020-12-03,0.18290983073690886
2020-12-04,0.1681580770357191
2020-12-07,0.16735390347973267
2020-12-08,0.1587250724863938
2020-12-09,0.16563363048333332
2020-12-10,0.16059534762015773
2020-12-11,0.15842142182139782
2020-12-14,0.1582545892458251
2020-12-15,0.15708662897301204
2020-12-16,0.15712156859407916
2020-12-17,0.1559719096298331
2020-12-18,0.1565513212799813
2020-12-21,0.1480027383404924
2020-12-22,0.14797435415772978
2020-12-23,0.12662602012387003
2020-12-24,0.12672487635431237
2020-12-25,0.12672487635431237
2020-12-28,0.1357363671852753
2020-12-29,0.1267075524429846
2020-12-30,0.1131410628746323
2020-12-31,0.11147132325343959
2021-01-01,0.11149568862601475
2021-01-04,0.11388408647106084
2021-01-05,0.11698748204956576
2021-01-06,0.11809388537290123
2021-01-07,0.1335748926355707
2021-01-08,0.13618921465178752
2021-01-11,0.14662568432921264
2021-01-12,0.14664201422398693
2021-01-13,0.144760421091279
2021-01-14,0.14944878818824106
2021-01-15,0.15648788628042465
2021-01-18,0.15631236667883674
2021-01-19,0.1624341308242221
2021-01-20,0.17332299617347882
2021-01-21,0.17382401991099547
2021-01-22,0.17527077244993033
2021-01-25,0.17514323246204372
2021-01-26,0.17029406963006408
2021-01-27,0.19545067517828776
2021-01-28,0.19537668126419638
2021-01-29,0.21293634437720008
2021-02-01,0.2258542996620608
2021-02-02,0.22952374341307752
2021-02-03,0.2282275910925814
2021-02-04,0.2267028427339178
2021-02-05,0.20357373921627042
2021-02-08,0.20405132948998947
2021-02-09,0.19676937948696444
2021-02-10,0.19692599408452807
2021-02-11,0.1966148568857201
2021-02-12,0.19308434979246542
2021-02-15,0.18638181739044293
2021-02-16,0.186023797689472
2021-02-17,0.18128510297319175
2021-02-18,0.16926040185710595
2021-02-19,0.1694463690632468
2021-02-22,0.1804573238133566
2021-02-23,0.17877050111675677
2021-02-24,0.18507129668379665
2021-02-25,0.20880272820235668
2021-02-26,0.2089257025959775
2021-03-01,0.21329864043644997
2021-03-02,0.20910347832835552
2021-03-03,0.21072077903500241
2021-03-04,0.20952301824358308
2021-03-05,0.21598635889838338
2021-03-08,0.23176370255971565
2021-03-09,0.2604250184665476
2021-03-10,0.2605916487047941
2021-03-11,0.27155774437666214
2021-03-12,0.2719264510176951
2021-03-15,0.2726003068604953
2021-03-16,0.2725854971874802
2021-03-17,0.27344214211667794
2021-03-18,0.28759802589698286
2021-03-19,0.2883913566596326
2021-03-22,0.2901525946362306
2021-03-23,0.28403514169070965
2021-03-24,0.2873955898324567
2021-03-25,0.2826272420836259
2021-03-26,0.25321305048536463
2021-03-29,0.25323213233271824
2021-03-30,0.23363453386593422
2021-03-31,0.23112881680645414
2021-04-01,0.22400361517964615
2021-04-02,0.22174924123667245
2021-04-05,0.22637133933645162
2021-04-06,0.20179801202345973
2021-04-07,0.17125532220614245
2021-04-08,0.1715726792028458
2021-04-09,0.16132806081977064
2021-04-12,0.1592994521791801
2021-04-13,0.16365101920565803
2021-04-14,0.17295710265047903
2021-04-15,0.18089121005064615
2021-04-16,0.14601385073282883
2021-04-19,0.15453973311886648
2021-04-20,0.15701771379209867
2021-04-21,0.15633701825967808
2021-04-22,0.1633926428905899
2021-04-23,0.16728687724852065
2021-04-26,0.1667015378076568
2021-04-27,0.1692011992012196
2021-04-28,0.1676452330491816
2021-04-29,0.16633919013580392
2021-04-30,0.16518934519040854
2021-05-03,0.1663600579183043
2021-05-04,0.16153694020965767
2021-05-05,0.1599368079907084
2021-05-06,0.16014387347429343
2021-05-07,0.16049773502357711
2021-05-10,0.18103031537630354
2021-05-11,0.1828527080145494
2021-05-12,0.18962648423116096
2021-05-13,0.18668553612185831
2021-05-14,0.19356319204592393
2021-05-17,0.1935619536982657
2021-05-18,0.1940042281920384
2021-05-19,0.19342902470509848
2021-05-20,0.19782769797501693
2021-05-21,0.18835688044809362
2021-05-24,0.19412254819033184
2021-05-25,0.19316531970028455
2021-05-26,0.19327244419139286
2021-05-27,0.19298316393083761
2021-05-28,0.18900963814452318
2021-05-31,0.18766269043901898
2021-06-01,0.18760705876598957
2021-06-02,0.1823496553589614
2021-06-03,0.18505799957796332
2021-06-04,0.19049557812757154
2021-06-07,0.18905344079956043
2021-06-08,0.1669999623144922
2021-06-09,0.16245944994906816
2021-06-10,0.13664217009130086
2021-06-11,0.13682643607293685
2021-06-14,0.11728001849286149
2021-06-15,0.11895831000227568
2021-06-16,0.1097985711941436
2021-06-17,0.10828025732274918
2021-06-18,0.1108885531100804
2021-06-21,0.11339886608395813
2021-06-22,0.09882044043300962
2021-06-23,0.09920275382467192
2021-06-24,0.09978654492421199
2021-06-25,0.10031392978035084
2021-06-28,0.1055084523537289
2021-06-29,0.10620259316419063
2021-06-30,0.10649564963158757
2021-07-01,0.10676152686997871
2021-07-02,0.1013652766395429
2021-07-05,0.09249426492751064
2021-07-06,0.09306654978656877
2021-07-07,0.09483537666261113
2021-07-08,0.10005170089647959
2021-07-09,0.10264837713280395
2021-07-12,0.10534925558782787
2021-07-13,0.10726911754503135
2021-07-14,0.10838330309496669
2021-07-15,0.11484653735803171
2021-07-16,0.1271441259106167
2021-07-19,0.13069372044704222
2021-07-20,0.13267561214614487
2021-07-21,0.13356070120130203
2021-07-22,0.13261083059056444
2021-07-23,0.13561119301650232
2021-07-26,0.1357982668082752
2021-07-27,0.136662983622978
2021-07-28,0.13708535884576795
2021-07-29,0.13737590266203337
2021-07-30,0.14147343538607143
2021-08-02,0.13659811658641768
2021-08-03,0.13906964948633962
2021-08-04,0.13907488883556887
2021-08-05,0.13979832097082479
2021-08-06,0.13697444839220912
2021-08-09,0.13332932010103649
2021-08-10,0.1287558702231228
2021-08-11,0.1281127442960194
2021-08-12,0.12901663793732573
2021-08-13,0.12443178660877761
2021-08-16,0.11143598067254723
2021-08-17,0.10982036099539771
2021-08-18,0.10944730543176891
2021-08-19,0.10177914011369729
2021-08-20,0.11045108479394727
2021-08-23,0.12391450668379694
2021-08-24,0.12292003688932353
2021-08-25,0.11575397116075956
2021-08-26,0.11833184279829864
2021-08-27,0.1252882649739535
2021-08-30,0.12020983112665636
2021-08-31,0.12157734004831516
2021-09-01,0.12016097899267571
2021-09-02,0.11999718786277377
2021-09-03,0.11935839274898188
2021-09-06,0.11930259816047886
2021-09-07,0.11932289190554632
2021-09-08,0.1223665248495131
2021-09-09,0.12277954641046011
2021-09-10,0.1281967895373755
2021-09-13,0.1299661457918333
2021-09-14,0.1302283319362948
2021-09-15,0.1240500096500659
2021-09-16,0.11823113282112903
2021-09-17,0.1266600159217574
2021-09-20,0.15381362251412814
2021-09-21,0.13723321487911813
2021-09-22,0.14148161640668114
2021-09-23,0.14793414644750996
2021-09-24,0.14729292812688233
2021-09-27,0.1401049690805992
2021-09-28,0.1585874317233251
2021-09-29,0.158506191379616
2021-09-30,0.1600265727113013
2021-10-01,0.1674424980782526
2021-10-04,0.17772248016288775
2021-10-05,0.18712499904350585
2021-10-06,0.1871526253301015
2021-10-07,0.18995581434096726
2021-10-08,0.18988616069984526
2021-10-11,0.18797154876898203
2021-10-12,0.18625099243050527
2021-10-13,0.18634286778082387
2021-10-14,0.1962297511374608
2021-10-15,0.20035774232488154
2021-10-18,0.19972672247449094
2021-10-19,0.17269434420878294
2021-10-20,0.1727135672274644
2021-10-21,0.1716777335704702
2021-10-22,0.17084313431008488
2021-10-25,0.17697070205197393
2021-10-26,0.17867892814249986
2021-10-27,0.15045854140074738
2021-10-28,0.15263939266403534
2021-10-29,0.14570613922615924
2021-11-01,0.1434636605952872
2021-11-02,0.11514927693742465
2021-11-03,0.11155338667999459
2021-11-04,0.11547994056838327
2021-11-05,0.11546764835548631
2021-11-08,0.11626050095254561
2021-11-09,0.1213827239329621
2021-11-10,0.13470144246190385
2021-11-11,0.13456993987804072
2021-11-12,0.12352532998642511
2021-11-15,0.1230561178591694
2021-11-16,0.12020605165792313
2021-11-17,0.12081378389714925
2021-11-18,0.12688986433001279
2021-11-19,0.12652414551788305
2021-11-22,0.12481858802674015
2021-11-23,0.11781059824946724
2021-11-24,0.11588446234054821
2021-11-25,0.1163261564604978
2021-11-26,0.15336460640139357
2021-11-29,0.17004727155653404
2021-11-30,0.17806864791714747
2021-12-01,0.1873892347749678
2021-12-02,0.18582228390127703
2021-12-03,0.18823438460656472
2021-12-06,0.19236588209482744
2021-12-07,0.2190783262428396
2021-12-08,0.21636512541136382
2021-12-09,0.21543453859587794
2021-12-10,0.2162477460107714
2021-12-13,0.2268589859195959
2021-12-14,0.2274071050434713
2021-12-15,0.24030989189077734
2021-12-16,0.25426008440945286
2021-12-17,0.24929321041603023
2021-12-20,0.25214350221530407
2021-12-21,0.26782080254650276
2021-12-22,0.27420135133139123
2021-12-23,0.2757278377557516
2021-12-24,0.2757278377557516
2021-12-27,0.26246509167335536
2021-12-28,0.2506897330884737
2021-12-29,0.24532936325007193
2021-12-30,0.2386029198900941
2021-12-31,0.23973240702040605
2022-01-03,0.24262077658243725
2022-01-04,0.2435495236102819
2022-01-05,0.2461208806938383
2022-01-06,0.2452111206752195
2022-01-07,0.24350354153092052
2022-01-10,0.24276541472925217
2022-01-11,0.2377901985132534
2022-01-12,0.2380749947653655
2022-01-13,0.24457276851297602
2022-01-14,0.23101057840018177
2022-01-17,0.22818675791458815
2022-01-18,0.23748195012995346
2022-01-19,0.22512242673138833
2022-01-20,0.21868680037885332
2022-01-21,0.23022498132635558
2022-01-24,0.2310440029081146
2022-01-25,0.2202955534520669
2022-01-26,0.2241127556383843
2022-01-27,0.22608105178731194
2022-01-28,0.2500180011496803
2022-01-31,0.2818257703069704
2022-02-01,0.26752166672582706
2022-02-02,0.2707357957175688
2022-02-03,0.26980384834576693
2022-02-04,0.27734895955371885
2022-02-07,0.2773270413223517
2022-02-08,0.27854115899484033
2022-02-09,0.2813948130801969
2022-02-10,0.2868257867493876
2022-02-11,0.28810893620211214
2022-02-14,0.28716144298828755
2022-02-15,0.29982808932891586
2022-02-16,0.2896768062767403
2022-02-17,0.3085785206859804
2022-02-18,0.3092033731406149
2022-02-21,0.29438919419606735
2022-02-22,0.29762879497654154
2022-02-23,0.3062369941889784
2022-02-24,0.31921928192145266
2022-02-25,0.3219709539988351
2022-02-28,0.310641678769472
2022-03-01,0.2899214748875177
2022-03-02,0.29530201085113833
2022-03-03,0.294795674743551
2022-03-04,0.28109780473347606
2022-03-07,0.2968473978885711
2022-03-08,0.296847875863738
2022-03-09,0.31945052157812803
2022-03-10,0.3102118687183459
2022-03-11,0.3121185788902871
2022-03-14,0.3046968393822631
2022-03-15,0.32192604804743286
2022-03-16,0.3349768309131298
2022-03-17,0.3410988387724016
2022-03-18,0.3300903928341346
2022-03-21,0.32650855257734335
2022-03-22,0.33160596635143025
2022-03-23,0.32858651522318116
2022-03-24,0.316328241875028
2022-03-25,0.30814745167340923
2022-03-28,0.30515686163037054
2022-03-29,0.30549288168804933
2022-03-30,0.2988340719598433
2022-03-31,0.3063763917144774
2022-04-01,0.3001691561619437
2022-04-04,0.30226925641924085
2022-04-05,0.2760069599542863
2022-04-06,0.2936236800319902
2022-04-07,0.2775288888615533
2022-04-08,0.2804101701924617
2022-04-11,0.29019992356516905
2022-04-12,0.28006997671904416
2022-04-13,0.2707216448888211
2022-04-14,0.2595050025018007
2022-04-15,0.25285836496799946
2022-04-18,0.242129450117276
2022-04-19,0.24964034959983109
2022-04-20,0.24536320449067306
2022-04-21,0.2538434005868715
2022-04-22,0.249416737600143
2022-04-25,0.25148869573627897
2022-04-26,0.27446318672335573
2022-04-27,0.2687490494249982
2022-04-28,0.3076915585705663
2022-04-29,0.32162456232200726
2022-05-02,0.333690933132274
2022-05-03,0.32235534931689924
2022-05-04,0.3492336082964501
2022-05-05,0.3781512601217269
2022-05-06,0.3771825297140171
2022-05-09,0.4025331063888676
2022-05-10,0.39763308617668375
2022-05-11,0.4064575137280349
2022-05-12,0.3991177912866762
2022-05-13,0.42459963711492876
2022-05-16,0.4244488576681769
2022-05-17,0.43674632501157623
2022-05-18,0.4517560959595714
2022-05-19,0.45083707000538226
2022-05-20,0.44778837046049547
2022-05-23,0.4525107805885528
2022-05-24,0.45660594876355753
2022-05-25,0.44331643950282273
2022-05-26,0.45656468918987875
2022-05-27,0.4533882872334551
2022-05-30,0.43575112433247076
2022-05-31,0.4298809874206484
2022-06-01,0.429578171944519
2022-06-02,0.4220099256147983
2022-06-03,0.3990687099259259
2022-06-06,0.4000291305688024
2022-06-07,0.3641911049871912
2022-06-08,0.36374312983196044
2022-06-09,0.36129546786127004
2022-06-10,0.3872690680797219
2022-06-13,0.4027427364845254
2022-06-14,0.40240853017158384
2022-06-15,0.40178209311648877
2022-06-16,0.39434852149356053
2022-06-17,0.39517250408516186
2022-06-20,0.3948439299566338
2022-06-21,0.4064890542121749
2022-06-22,0.3972079840854505
2022-06-23,0.3926640230715964
2022-06-24,0.399471730181152
2022-06-27,0.3811845762679218
2022-06-28,0.3908586467302162
2022-06-29,0.39071313954881304
2022-06-30,0.3944007899011074
2022-07-01,0.3798378361009204
2022-07-04,0.36933061964328684
2022-07-05,0.37318762949736833
2022-07-06,0.3713349894461569
2022-07-07,0.3853138823506321
2022-07-08,0.37448323750982493
2022-07-11,0.3615701097773016
2022-07-12,0.31411311189047536
2022-07-13,0.31439920995619364
2022-07-14,0.30111217439983473
2022-07-15,0.27506573334682033
2022-07-18,0.2756062413475497
2022-07-19,0.294922756834442
2022-07-20,0.2760098596199259
2022-07-21,0.27707992424780525
2022-07-22,0.29053669858879055
2022-07-25,0.2655062148734223
2022-07-26,0.27872059229653734
2022-07-27,0.2976230185710198
2022-07-28,0.29719510866775617
2022-07-29,0.29229210352530977
2022-08-01,0.29470522407199473
2022-08-02,0.2955439605196292
2022-08-03,0.2987833074063193
2022-08-04,0.2995700401434486
2022-08-05,0.2927920561191941
2022-08-08,0.2947896280089411
2022-08-09,0.27581024669661014
2022-08-10,0.2850845926375881
2022-08-11,0.2855862619839896
2022-08-12,0.2889195234761886
2022-08-15,0.28163583449393326
2022-08-16,0.2812868352798776
2022-08-17,0.26875149991619113
2022-08-18,0.2662374055800174
2022-08-19,0.2767467641638576
2022-08-22,0.27930491439449884
2022-08-23,0.27893173160410106
2022-08-24,0.26231818567016507
2022-08-25,0.22656881744319507
2022-08-26,0.2687692269706736
2022-08-29,0.25574773196074696
2022-08-30,0.2595988711573912
2022-08-31,0.2598631357031906
2022-09-01,0.24584903790980403
2022-09-02,0.24804149026044903
2022-09-05,0.24796004919816958
2022-09-06,0.24779551740977324
2022-09-07,0.2565357228031305
2022-09-08,0.23170763201412475
2022-09-09,0.2469876737874021
2022-09-12,0.23612404004304044
2022-09-13,0.283178935985636
2022-09-14,0.2860648383348375
2022-09-15,0.2860933815084913
2022-09-16,0.2845137651627737
2022-09-19,0.2824394807654051
2022-09-20,0.273698347860305
2022-09-21,0.2786230289821449
2022-09-22,0.2780315064653904
2022-09-23,0.27064651421891284
2022-09-26,0.2428280347678466
2022-09-27,0.24418887676076745
2022-09-28,0.2587764209597041
2022-09-29,0.2748688678810083
2022-09-30,0.27721601842231625
2022-10-03,0.2864472022184262
2022-10-04,0.31139002208398364
2022-10-05,0.31112592398932354
2022-10-06,0.30463565553645944
2022-10-07,0.3293202576787677
2022-10-10,0.3158794779461526
2022-10-11,0.30942623584018475
2022-10-12,0.2717984000628804
2022-10-13,0.29156936044102333
2022-10-14,0.3052361714241913
2022-10-17,0.34567239739151534
2022-10-18,0.344797337634301
2022-10-19,0.34418535222270996
2022-10-20,0.3390372560345994
2022-10-21,0.3491513098979561
2022-10-24,0.34095435449449063
2022-10-25,0.3457079396379966
2022-10-26,0.3548564348687686
2022-10-27,0.3507685675939111
2022-10-28,0.3415615199968908
2022-10-31,0.34148802812755896
2022-11-01,0.3381635336426087
2022-11-02,0.33709206371355244
2022-11-03,0.33885776528137174
2022-11-04,0.3446775036436765
2022-11-07,0.3172723028637661
2022-11-08,0.314634786658687
2022-11-09,0.3250732817155588
2022-11-10,0.36927263568772417
2022-11-11,0.36228258410153374
2022-11-14,0.3455523838207847
2022-11-15,0.3169053249941763
2022-11-16,0.32014038550036383
2022-11-17,0.32097884275772315
2022-11-18,0.31996755993081893
2022-11-21,0.3153235670488341
2022-11-22,0.3211070391933276
2022-11-23,0.3177568226531714
2022-11-24,0.3097186261681157
2022-11-25,0.30501836876556576
2022-11-28,0.3006459443933836
2022-11-29,0.29736126094596504
2022-11-30,0.3398459712229608
2022-12-01,0.31580213457738165
2022-12-02,0.31122584913000567
2022-12-05,0.32024271858608366
2022-12-06,0.3307872944326288
2022-12-07,0.33140416111198506
2022-12-08,0.3184132518749424
2022-12-09,0.2643135791000158
2022-12-12,0.2583446583167792
2022-12-13,0.25892108945559716
2022-12-14,0.2579262991979314
2022-12-15,0.27355863840178324
2022-12-16,0.2749973238507041
2022-12-19,0.2781494750538379
2022-12-20,0.27169940077463084
2022-12-21,0.268875703955027
2022-12-22,0.27908147292092456
2022-12-23,0.2807812085272889
2022-12-26,0.28114848452254443
2022-12-27,0.28766607681752787
2022-12-28,0.28783319433862253
2022-12-29,0.24905128242691368
2022-12-30,0.25018417180793256
2023-01-02,0.2506935305315824
2023-01-03,0.24668083728947346
2023-01-04,0.23783882804866263
2023-01-05,0.2416389774208268
2023-01-06,0.2508459748128716
2023-01-09,0.25642502426310004
2023-01-10,0.25772515807534585
2023-01-11,0.26797632714003566
2023-01-12,0.2699159493670763
2023-01-13,0.2510874283839524
2023-01-16,0.24769769878015302
2023-01-17,0.2420717174489586
2023-01-18,0.24898901083316474
2023-01-19,0.2447754425603991
2023-01-20,0.2341750107396089
2023-01-23,0.2445017989753716
2023-01-24,0.2443420249324019
2023-01-25,0.22098441008882896
2023-01-26,0.23171017918180425
2023-01-27,0.2234483138312042
2023-01-30,0.2519192713573777
2023-01-31,0.25592627596762724
2023-02-01,0.2453172348903642
2023-02-02,0.2515566370633381
2023-02-03,0.2439724050308454
2023-02-06,0.24296044067394074
2023-02-07,0.24863108554614305
2023-02-08,0.2585942388957871
2023-02-09,0.25937518300738405
2023-02-10,0.26327474632992404
2023-02-13,0.2640997856041788
2023-02-14,0.2638473578715873
2023-02-15,0.26394873384580725
2023-02-16,0.2721050664364609
2023-02-17,0.27320578842980503
2023-02-20,0.2590028101254582
2023-02-21,0.2658712531237644
2023-02-22,0.26593320836468654
2023-02-23,0.2676281021561639
2023-02-24,0.2543142804570469
2023-02-27,0.24680605580511883
2023-02-28,0.2262834708013343
2023-03-01,0.2187143607007796
2023-03-02,0.20810529640607087
2023-03-03,0.20776599073732852
2023-03-06,0.20542995800012448
2023-03-07,0.21168552890798079
2023-03-08,0.1918486823966915
2023-03-09,0.20309701729980448
2023-03-10,0.20322588751710544
2023-03-13,0.20414404586044732
2023-03-14,0.22679954210124156
2023-03-15,0.22218431085992638
2023-03-16,0.24393400690670408
2023-03-17,0.233752333256186
2023-03-20,0.23390157884664162
2023-03-21,0.2511598080524566
2023-03-22,0.24175275426879647
2023-03-23,0.24238781232818826
2023-03-24,0.23961178397977345
2023-03-27,0.2328102273112625
2023-03-28,0.23360017173115064
2023-03-29,0.2377864683080476
2023-03-30,0.23473027507662284
2023-03-31,0.24037420179045835
2023-04-03,0.22797073002535298
2023-04-04,0.22877103809237456
2023-04-05,0.22276015217775175
2023-04-06,0.2232364659230651
2023-04-07,0.20129786526751406
2023-04-10,0.19724516526604383
2023-04-11,0.20015055399154646
2023-04-12,0.1837057284168959
2023-04-13,0.19191771243977176
2023-04-14,0.17152681483701812
2023-04-17,0.16537415362454574
2023-04-18,0.16509633029478749
2023-04-19,0.14203982336478346
2023-04-20,0.14485703692329305
2023-04-21,0.1431875307324593
2023-04-24,0.14312524855069508
2023-04-25,0.15846822446692266
2023-04-26,0.1565654240947194
2023-04-27,0.1813488224226925
2023-04-28,0.18037576474116357
2023-05-01,0.1695411484147734
2023-05-02,0.17431254374012092
2023-05-03,0.17611851763134928
2023-05-04,0.1757037639232637
2023-05-05,0.19193153847646818
2023-05-08,0.1925435040375595
2023-05-09,0.19340846605621265
2023-05-10,0.19494038709425762
2023-05-11,0.1920026805685626
2023-05-12,0.18155710126834126
2023-05-15,0.1814093140953018
2023-05-16,0.1811825746861657
2023-05-17,0.1928952017880428
2023-05-18,0.1979189118944047
2023-05-19,0.18695260461514407
2023-05-22,0.18707291695472786
2023-05-23,0.19163339721617612
2023-05-24,0.17628089229823254
2023-05-25,0.17955517279306116
2023-05-26,0.16409649002616844
2023-05-29,0.16448705660882856
2023-05-30,0.16440183765321123
2023-05-31,0.15963255881781505
2023-06-01,0.1613403904444146
2023-06-02,0.15643624083349433
2023-06-05,0.14390593315207395
2023-06-06,0.1448227240464375
2023-06-07,0.1556886678640735
2023-06-08,0.15782567933812108
2023-06-09,0.15781940723088203
2023-06-12,0.15410788327116998
2023-06-13,0.15428414660021944
2023-06-14,0.15608282919708336
2023-06-15,0.14911641367291326
2023-06-16,0.1482671229798171
2023-06-19,0.1476383233081742
2023-06-20,0.14798088637133733
2023-06-21,0.14957474991683894
2023-06-22,0.1501379350185573
2023-06-23,0.15303788294004098
2023-06-26,0.15890954228042
2023-06-27,0.1655767146392314
2023-06-28,0.16470025632537275
2023-06-29,0.16076397528847655
2023-06-30,0.1576848277810636
2023-07-03,0.15527133439199245
2023-07-04,0.15534682673676034
2023-07-05,0.1551732288605497
2023-07-06,0.15011590715091
2023-07-07,0.1457939763318327
2023-07-10,0.14796152978978552
2023-07-11,0.14423698875542126
2023-07-12,0.14678157680713713
2023-07-13,0.15376362562543755
2023-07-14,0.1501722717957211
2023-07-17,0.15042568458686503
2023-07-18,0.1519000732912004
2023-07-19,0.15115076391647933
2023-07-20,0.172927590321377
2023-07-21,0.1725030922324975
2023-07-24,0.17070168250241874
2023-07-25,0.15353409124217254
2023-07-26,0.146636245688169
2023-07-27,0.14733037853302125
2023-07-28,0.15752948234278324
2023-07-31,0.14996886647025046
2023-08-01,0.15195773268383933
2023-08-02,0.1728714355030223
2023-08-03,0.173225602388281
2023-08-04,0.16867370060046283
2023-08-07,0.16968852328423775
2023-08-08,0.1701682365996235
2023-08-09,0.17928961127135448
2023-08-10,0.1747769975242112
2023-08-11,0.1665511424521776
2023-08-14,0.17243727997651057
2023-08-15,0.17537122957787843
2023-08-16,0.17529112149982196
2023-08-17,0.1764371412588546
2023-08-18,0.15798605195901488
2023-08-21,0.17513092506196756
2023-08-22,0.17271510139844432
2023-08-23,0.17882933193410047
2023-08-24,0.18607219955549295
2023-08-25,0.18796420127638674
2023-08-28,0.1768632098306109
2023-08-29,0.19694808637533287
2023-08-30,0.19667841553142684
2023-08-31,0.18056628405593286
2023-09-01,0.18057507288734356
2023-09-04,0.18046645283883297
2023-09-05,0.17994967793586095
2023-09-06,0.1828662638508063
2023-09-07,0.17443394871386195
2023-09-08,0.17431711815448117
2023-09-11,0.1819853047451026
2023-09-12,0.17911473366800118
2023-09-13,0.1711218165455351
2023-09-14,0.1656048894504551
2023-09-15,0.17239351655075838
2023-09-18,0.17183274426240636
2023-09-19,0.15912690435713997
2023-09-20,0.16691722289311126
2023-09-21,0.17007738928726038
2023-09-22,0.16050414119290823
2023-09-25,0.16191053529064367
2023-09-26,0.16785287740737465
2023-09-27,0.14445353715324377
2023-09-28,0.14871806569451
2023-09-29,0.14876921680966532
2023-10-02,0.156356055842373
2023-10-03,0.16616193370006863
2023-10-04,0.17005442721311284
2023-10-05,0.16580317847920456
2023-10-06,0.17378730619474764
2023-10-09,0.17473831334075965
2023-10-10,0.16531281213433774
2023-10-11,0.16487910323420232
2023-10-12,0.1636869957671197
2023-10-13,0.16020667881041536
2023-10-16,0.1540534315315099
2023-10-17,0.15482285569022639
2023-10-18,0.16458749563983754
2023-10-19,0.16246004457622645
2023-10-20,0.16553908826084635
2023-10-23,0.16625123479141216
2023-10-24,0.16522945012703055
2023-10-25,0.1711444369477881
2023-10-26,0.18569875455232732
2023-10-27,0.18289749470062192
2023-10-30,0.18785772018561545
2023-10-31,0.18148877690325155
2023-11-01,0.18465579452927686
2023-11-02,0.19168411883713807
2023-11-03,0.19296616517581622
2023-11-06,0.1867763712003055
2023-11-07,0.18744926081228377
2023-11-08,0.18722268623274085
2023-11-09,0.1876602883431865
2023-11-10,0.19919487032909586
2023-11-13,0.19743854271064312
2023-11-14,0.20419224798111463
2023-11-15,0.20345676795308743
2023-11-16,0.19317150467519278
2023-11-17,0.18580199411012874
2023-11-20,0.16997707436158155
2023-11-21,0.17111157529189056
2023-11-22,0.17102778102420246
2023-11-23,0.15013988816643
2023-11-24,0.11896492517359504
2023-11-27,0.12080992586078838
2023-11-28,0.11935996673593051
2023-11-29,0.1276242492522114
2023-11-30,0.12078996817372335
2023-12-01,0.10852078061212865
2023-12-04,0.117114517298074
2023-12-05,0.11800282035790664
2023-12-06,0.12171025525978156
2023-12-07,0.13016202387611825
2023-12-08,0.12708852901202486
2023-12-11,0.11978194284727639
2023-12-12,0.12067398934692132
2023-12-13,0.10639727299618464
2023-12-14,0.10654943358259669
2023-12-15,0.10768758212935609
2023-12-18,0.11219959087241056
2023-12-19,0.11074610060959263
2023-12-20,0.12144102604428915
2023-12-21,0.1269520465860166
2023-12-22,0.12708088164661946
2023-12-25,0.12623381285299445
2023-12-26,0.12630849878403672
2023-12-27,0.1253256156129993
2023-12-28,0.12171318956471584
2023-12-29,0.12271932242225664
2024-01-01,0.12236388277433294
2024-01-02,0.11742821746435554
2024-01-03,0.11862946655205417
2024-01-04,0.11517110357801454
2024-01-05,0.10495403217717864
2024-01-08,0.1165213364862513
2024-01-09,0.10817780650092708
2024-01-10,0.11072851101879307
2024-01-11,0.10988206162420373
2024-01-12,0.11145543390387863
2024-01-15,0.11039595740522402
2024-01-16,0.10619493220431545
2024-01-17,0.10532640831502428
2024-01-18,0.09733034855904667
2024-01-19,0.09767185642464833
2024-01-22,0.09755697666574364
2024-01-23,0.09872966289667832
2024-01-24,0.10111636674448361
2024-01-25,0.1057175010327774
2024-01-26,0.10501821841177764
2024-01-29,0.10974489445542353
2024-01-30,0.10995352315700967
2024-01-31,0.13180573651470917
2024-02-01,0.13190156954898968
2024-02-02,0.14477565068216397
2024-02-05,0.1471250908377893
2024-02-06,0.13806234642492815
2024-02-07,0.14325530443620024
2024-02-08,0.14106098283864932
2024-02-09,0.1427657507280936
2024-02-12,0.14334362485619134
2024-02-13,0.15334251212714511
2024-02-14,0.1548403295231536
2024-02-15,0.15364722594050323
2024-02-16,0.156109358236473
2024-02-19,0.15291720562491565
2024-02-20,0.1587155286556997
2024-02-21,0.1581908443475778
2024-02-22,0.17500464461016887
2024-02-23,0.17274231934134593
2024-02-26,0.1736502945844049
2024-02-27,0.1700166972820392
2024-02-28,0.17166164422232505
2024-02-29,0.15317180338889536
2024-03-01,0.1521126511115365
2024-03-04,0.1463008076354437
2024-03-05,0.15272938163692276
2024-03-06,0.15259265702251723
2024-03-07,0.15537062455062622
2024-03-08,0.15787583511277278
2024-03-11,0.15423010029472367
2024-03-12,0.1627332736644733
2024-03-13,0.1560165870331434
2024-03-14,0.15215324529109026
2024-03-15,0.15070059226262753
2024-03-18,0.15911406032355352
2024-03-19,0.1596161494859719
2024-03-20,0.1578561457902676
2024-03-21,0.15875573438075016
2024-03-22,0.13804975580874376
2024-03-25,0.1373079044279219
2024-03-26,0.1369224172822186
2024-03-27,0.13720811444699377
2024-03-28,0.1357574188328229
2024-03-29,0.1338779987663972
2024-04-01,0.13270855137994844
2024-04-02,0.13086142991703698
2024-04-03,0.12105193247587188
2024-04-04,0.1255472242705552
2024-04-05,0.1195619193431526
2024-04-08,0.1153695651847936
2024-04-09,0.11485289738669235
2024-04-10,0.1050574551877919
2024-04-11,0.11108447994445973
2024-04-12,0.1288660956960907
2024-04-15,0.1415956142928349
2024-04-16,0.12956694602822233
2024-04-17,0.12981193179434514
2024-04-18,0.12163023391771323
2024-04-19,0.1308635795915638
2024-04-22,0.13190104432323407
2024-04-23,0.14296908107436795
2024-04-24,0.14702972981629236
2024-04-25,0.14589349811287775
2024-04-26,0.15383515582927784
2024-04-29,0.15660301691686243
2024-04-30,0.1728807965401805
2024-05-01,0.16880437785116859
2024-05-02,0.1751528176983171
2024-05-03,0.17930540364391234
2024-05-06,0.18118375434457618
2024-05-07,0.18160248495143325
2024-05-08,0.1814404031396394
2024-05-09,0.18066265282856034
2024-05-10,0.1752886928364308
2024-05-13,0.16332592725860567
2024-05-14,0.15153591717486684
2024-05-15,0.1527554038035211
2024-05-16,0.15012640097634863
2024-05-17,0.14934353929805555
2024-05-20,0.13647908296793815
2024-05-21,0.13835723128797797
2024-05-22,0.1392947071356217
2024-05-23,0.14012427694125426
2024-05-24,0.14238779134128438
2024-05-27,0.13782207157515972
2024-05-28,0.13729477809121426
2024-05-29,0.1123552999264598
2024-05-30,0.12056044676471822
2024-05-31,0.11455934793104568
2024-06-03,0.10735972469755642
2024-06-04,0.09951352180324037
2024-06-05,0.10521897148471043
2024-06-06,0.10505758495915647
2024-06-07,0.10644657456230437
2024-06-10,0.10584212650812735
2024-06-11,0.10584560744360366
2024-06-12,0.10563949814141987
2024-06-13,0.10299558713493515
2024-06-14,0.10266008584762926
2024-06-17,0.10422435809639394
2024-06-18,0.10264301714614045
2024-06-19,0.09823286773812459
2024-06-20,0.09287239383974734
2024-06-21,0.0917214751231753
2024-06-24,0.08649724153475587
2024-06-25,0.0973074361946019
2024-06-26,0.10077925835055175
2024-06-27,0.09566783544003651
2024-06-28,0.08689087673166626
2024-07-01,0.09268823309889755
2024-07-02,0.10190684332510176
2024-07-03,0.1029800970905165
2024-07-04,0.09962970182389494
2024-07-05,0.10198651356447576
2024-07-08,0.10048981021189145
2024-07-09,0.10041105750843272
2024-07-10,0.10289210993853236
2024-07-11,0.14999713090529385
2024-07-12,0.14997237415046702
2024-07-15,0.1498014469871981
2024-07-16,0.14923487828371051
2024-07-17,0.1637689533992556
2024-07-18,0.16560567032275414
2024-07-19,0.1706084996264298
2024-07-22,0.17392269633827262
2024-07-23,0.17354465786501266
2024-07-24,0.2189874857663669
2024-07-25,0.21638804201400272
2024-07-26,0.2184367973514598
2024-07-29,0.21858334072129057
2024-07-30,0.21513334920657745
2024-07-31,0.21782057315039416
2024-08-01,0.22152358564242472
2024-08-02,0.22906845501423048
2024-08-05,0.253430331953075
2024-08-06,0.25886686295661265
2024-08-07,0.25621097227872114
2024-08-08,0.26992279028100413
2024-08-09,0.25942278734927204
2024-08-12,0.25987319577802054
2024-08-13,0.2719968660976347
2024-08-14,0.27072819121512
2024-08-15,0.27715710595724846
2024-08-16,0.27687670439372153
2024-08-19,0.2781921189164028
2024-08-20,0.27480935968951525
2024-08-21,0.27489747143499416
2024-08-22,0.24426778682145858
2024-08-23,0.24709493416976885
2024-08-26,0.24652075075437757
2024-08-27,0.24668049522546212
2024-08-28,0.24708699524659053
2024-08-29,0.23870603697822712
2024-08-30,0.23366682555511675
2024-09-02,0.22177581099946578
2024-09-03,0.19364920609568306
2024-09-04,0.19210432688152243
2024-09-05,0.18908185631462535
2024-09-06,0.20359598974814888
2024-09-09,0.20708507933023215
2024-09-10,0.2068232138084131
2024-09-11,0.2000309987401623
2024-09-12,0.20320003742715986
2024-09-13,0.19009360475691503
2024-09-16,0.19017378296068713
2024-09-17,0.1850967428719025
2024-09-18,0.18438627571675162
2024-09-19,0.20524128446142506
2024-09-20,0.19819620678059346
2024-09-23,0.19341108174657898
2024-09-24,0.19272261450246778
2024-09-25,0.19207347499232238
2024-09-26,0.18929271331238873
2024-09-27,0.18891732200554084
2024-09-30,0.1862367049991311
2024-10-01,0.19011995942891757
2024-10-02,0.16695144372107232
2024-10-03,0.16674995151813973
2024-10-04,0.17298064829905874
2024-10-07,0.14307776984963091
2024-10-08,0.1405887125670295
2024-10-09,0.14048033592831255
2024-10-10,0.13292859324918016
2024-10-11,0.13059942065952218
2024-10-14,0.1316803499095837
2024-10-15,0.14108158780833083
2024-10-16,0.14115565262614638
2024-10-17,0.14109099426142063
2024-10-18,0.1123250496356277
2024-10-21,0.11148073186955182
2024-10-22,0.11056540260751316
2024-10-23,0.12529688875836262
2024-10-24,0.13356348957109979
2024-10-25,0.13526845362447856
2024-10-28,0.13517013783546353
2024-10-29,0.13410346798640163
2024-10-30,0.12881575247114027
2024-10-31,0.15710338609321123
2024-11-01,0.15862357378264585
2024-11-04,0.14950101347583863
2024-11-05,0.1498313042894465
2024-11-06,0.19482128428277132
2024-11-07,0.1981921326627808
2024-11-08,0.19836642785772643
2024-11-11,0.19779315192796618
2024-11-12,0.19839897777101553
2024-11-13,0.19039873085525602
2024-11-14,0.1953792119200076
2024-11-15,0.20413332946938462
2024-11-18,0.20478197099769818
2024-11-19,0.20548532872390568
2024-11-20,0.20545587174000604
2024-11-21,0.19609306558469627
2024-11-22,0.19261454261451325
2024-11-25,0.19160309697607114
2024-11-26,0.19249015321201302
2024-11-27,0.19439532039240837
2024-11-28,0.19442742399394355
2024-11-29,0.17053727366283541
2024-12-02,0.17203632489025042
2024-12-03,0.16821785805651424
2024-12-04,0.1645650613249694
2024-12-05,0.11036489982976026
2024-12-06,0.10365639229908699
2024-12-09,0.10313454410368125
2024-12-10,0.10312204322881098
2024-12-11,0.11001089928978346
2024-12-12,0.11659461609860275
2024-12-13,0.11104396195033636
2024-12-16,0.09477355149084599
2024-12-17,0.09467981925931243
2024-12-18,0.14457994865108492
2024-12-19,0.14457840059323598
2024-12-20,0.1438527290901803
2024-12-23,0.1484391813487258
2024-12-24,0.15519753313035392
2024-12-25,0.15432456934645614
2024-12-26,0.15257263194848233
2024-12-27,0.1636347885833407
2024-12-30,0.1666584660821724
2024-12-31,0.16540983188017427
2025-01-01,0.16459443376904379
2025-01-02,0.1619636762081772
2025-01-03,0.17860896394931844
2025-01-06,0.1837466245615264
2025-01-07,0.1923616201524894
2025-01-08,0.1909548195477579
2025-01-09,0.18417022352761184
2025-01-10,0.18517299344835278
2025-01-13,0.18638103357485664
2025-01-14,0.18479946756165325
2025-01-15,0.2120057833171437
2025-01-16,0.19572605089995543
2025-01-17,0.2019069578741264
2025-01-20,0.20103007394728512
2025-01-21,0.1977319061485814
2025-01-22,0.1921595639008585
2025-01-23,0.19296410412346862
2025-01-24,0.19340035877703188
2025-01-27,0.18797431320556304
2025-01-28,0.19312185290613584
2025-01-29,0.19251885216650141
2025-01-30,0.1925256420753205
2025-01-31,0.1922442670395294
2025-02-03,0.1859345453100655
2025-02-04,0.1870344375660908
2025-02-05,0.17878657021322034
2025-02-06,0.17894407367781143
2025-02-07,0.18691656672333934
2025-02-10,0.1823089601062681
2025-02-11,0.18266797038208366
2025-02-12,0.1821781184984542
2025-02-13,0.16195406533640505
2025-02-14,0.14526088871283643
2025-02-17,0.13726996993118226
2025-02-18,0.13922234324297447
2025-02-19,0.13858197568928235
2025-02-20,0.13962855112346506
2025-02-21,0.16517587229618155
2025-02-24,0.16858652530474152
2025-02-25,0.17634788986620337
2025-02-26,0.1586042895553618
2025-02-27,0.16808835770421235
2025-02-28,0.1851397430942043
2025-03-03,0.20475827595250903
2025-03-04,0.20327895367656806
2025-03-05,0.20028637207041994
2025-03-06,0.20646474584788496
2025-03-07,0.20558970103838053
2025-03-10,0.23915133068948471
2025-03-11,0.2374649170562834
2025-03-12,0.25018870696880213
2025-03-13,0.2543971473166514
2025-03-14,0.2705964699994401
2025-03-17,0.2691931281520073
2025-03-18,0.2708237585700371
2025-03-19,0.2818247020201423
2025-03-20,0.2808487948435199
2025-03-21,0.28786415638913526
2025-03-24,0.29875414543820267
2025-03-25,0.2998412763766878
2025-03-26,0.30113634434588565
2025-03-27,0.3014372232051839
2025-03-28,0.307650186730165
2025-03-31,0.2977616620411196
2025-04-01,0.2859993033475723
2025-04-02,0.2867444682537757
2025-04-03,0.3224095532091007
2025-04-04,0.3641235331966603
2025-04-07,0.36408307576101745
2025-04-08,0.34092455116843656
2025-04-09,0.4133620766496475
2025-04-10,0.4326038546463754
2025-04-11,0.4361984199655059
2025-04-14,0.4235206609382646
2025-04-15,0.4235818280021795
2025-04-16,0.4304160080296222
2025-04-17,0.4251421460354734
2025-04-18,0.4248980069427568
2025-04-21,0.43104968444674113
2025-04-22,0.4299742338479411
2025-04-23,0.440821303665628
2025-04-24,0.44818913723151893
2025-04-25,0.4550422939101986
2025-04-28,0.44649462121820077
2025-04-29,0.4465907638672908
2025-04-30,0.44475420341749594
2025-05-01,0.4472267549130698
2025-05-02,0.42078061213065554
2025-05-05,0.3737229756829738
2025-05-06,0.3758158205764963
2025-05-07,0.37171423923784447
2025-05-08,0.29983980239462305
2025-05-09,0.257650889008531
2025-05-12,0.28228813330645086
2025-05-13,0.28246489915278356
2025-05-14,0.2814358108303288
2025-05-15,0.26173266399116263
2025-05-16,0.2574199963112889
2025-05-19,0.2569414303536854
2025-05-20,0.21798849853305569
2025-05-21,0.22112472359296642
2025-05-22,0.20911951720694638
2025-05-23,0.20476908954428147
2025-05-26,0.19670013785924312
2025-05-27,0.20994585730285192
2025-05-28,0.21172794370145617
2025-05-29,0.2077893543346425
2025-05-30,0.20608853594339693
2025-06-02,0.20396365884400108
2025-06-03,0.19957508527525447
2025-06-04,0.19547346366613194
2025-06-05,0.2073233880250118
2025-06-06,0.21538761895298933
2025-06-09,0.21600735446326721
2025-06-10,0.17419046744324124
2025-06-11,0.1717498594600745
2025-06-12,0.1681972825490165
2025-06-13,0.16315844489681292
2025-06-16,0.16493590575671058
2025-06-17,0.16717297953509583
2025-06-18,0.16615740382666197
2025-06-19,0.15363387037552628
2025-06-20,0.15665918076666446
2025-06-23,0.15253987484156042
2025-06-24,0.15241662740724238
2025-06-25,0.13135885523160756
2025-06-26,0.13241323708561073
2025-06-27,0.1337551073459527
2025-06-30,0.13181502748993756
2025-07-01,0.1338505403179518
2025-07-02,0.13447031665987447
2025-07-03,0.1358282361879078
2025-07-04,0.11610279985135945
2025-07-07,0.11646560018603515
2025-07-08,0.1147001953446132
2025-07-09,0.10887262493883416
2025-07-10,0.1095315239758498
2025-07-11,0.10980798451151302
2025-07-14,0.10684173892914477
2025-07-15,0.10189497632221803
2025-07-16,0.09783275887728715
2025-07-17,0.09783848304333338
2025-07-18,0.09777548740456263
2025-07-21,0.09310631274542373
2025-07-22,0.09054510062817715
2025-07-23,0.0932856909852499
2025-07-24,0.09881606301263685
2025-07-25,0.09440463483636519
2025-07-28,0.09300410721536073
2025-07-29,0.10111701672594733
2025-07-30,0.09906906287489496
2025-07-31,0.09801285098888346
2025-08-01,0.13481565309588528
2025-08-04,0.14492019040238116
2025-08-05,0.13446360798119492
2025-08-06,0.13993316804977382
2025-08-07,0.13888319272683428
2025-08-08,0.14595986262711746
2025-08-11,0.14552745360190875
2025-08-12,0.15114940629398427
2025-08-13,0.1503418946742295
2025-08-14,0.150484987496456
2025-08-15,0.15047793061785708
2025-08-18,0.15038853830274967
2025-08-19,0.1580511861236859
2025-08-20,0.16105092080852726
2025-08-21,0.15858865330387587
2025-08-22,0.1737025265592291
2025-08-25,0.17329145550942204
2025-08-26,0.17228265857112762
2025-08-27,0.16693009713885873
2025-08-28,0.16703962607142783
2025-08-29,0.16904510067447706
2025-09-01,0.13052060859315792
2025-09-02,0.12956617154331368
2025-09-03,0.13087723425857908
2025-09-04,0.13134175296321557
2025-09-05,0.1345593077634255
2025-09-08,0.12656479319594346
2025-09-09,0.13322955532756584
2025-09-10,0.12822071160081341
2025-09-11,0.13208689874502913
2025-09-12,0.135713146554313
2025-09-15,0.14041044741432515
2025-09-16,0.14025949561470202
2025-09-17,0.12969077915191765
2025-09-18,0.12395923514778233
2025-09-19,0.12283834148092168
2025-09-22,0.10331393527849268
2025-09-23,0.11009632686281752
2025-09-24,0.11006787996971178
2025-09-25,0.11533281009249227
2025-09-26,0.11613119713080718
2025-09-29,0.11153275162345622
2025-09-30,0.11172055931608357
2025-10-01,0.10423561973693696
2025-10-02,0.10441339560906479
2025-10-03,0.0997745011304477
2025-10-06,0.09798160430367737
2025-10-07,0.10379881121310967
2025-10-08,0.0966283185320768
2025-10-09,0.09571767054299668
2025-10-10,0.1550829523945012
2025-10-13,0.166701799403757
2025-10-14,0.1646222922478554
2025-10-15,0.1656140610461961
2025-10-16,0.1673452006460412
2025-10-17,0.16946025615782112
2025-10-20,0.17520529072650698
2025-10-21,0.17465471175986866
2025-10-22,0.17319358776562685
2025-10-23,0.1744617349086998
2025-10-24,0.1740504756860908
2025-10-27,0.1850926771870955
2025-10-28,0.18689165731731144
2025-10-29,0.18680882428782564
2025-10-30,0.201838125949084
2025-10-31,0.2017100616948369
2025-11-03,0.20167876641513433
2025-11-04,0.20810176989956283
2025-11-05,0.2068026644215845
2025-11-06,0.21350157760349858
2025-11-07,0.21360454704635815
2025-11-10,0.1847380943845231
2025-11-11,0.17230351795606771
2025-11-12,0.1690362448113328
2025-11-13,0.1880066051984087
2025-11-14,0.18635248510993382
2025-11-17,0.18561923617432
2025-11-18,0.18346046324199486
2025-11-19,0.1839231859509742
2025-11-20,0.18818401488116798
2025-11-21,0.18840305999787982
2025-11-24,0.20146711229286762
2025-11-25,0.1900648612461432
2025-11-26,0.18817642505246882
2025-11-27,0.18710319333037415
2025-11-28,0.17769510896385463
2025-12-01,0.1770979609727621
2025-12-02,0.17681522573468095
2025-12-03,0.17002867647060602
2025-12-04,0.1697709991754946
2025-12-05,0.1599020723705022
2025-12-08,0.1619406095878555
2025-12-09,0.14680366897058014
2025-12-10,0.1483043025761661
2025-12-11,0.14730110259534038
2025-12-12,0.12345033604128106
2025-12-15,0.12288135539039222
2025-12-16,0.12113766403643261
2025-12-17,0.11944755547128626
2025-12-18,0.12417735676625483
2025-12-19,0.11301062491446985
2025-12-22,0.11250136675769025
2025-12-23,0.09460956397942054
2025-12-24,0.09206471921678508
2025-12-25,0.09090203054800736
2025-12-26,0.09127994123235472
2025-12-29,0.09224588154608042
2025-12-30,0.09111799881156192
